<?xml version="1.0" encoding="utf-8"?>
<extension type="plugin" group="cck_field" version="1.6.0" method="upgrade">

	<name>SD Field Concat</name>
	<author>Simon Dowdles</author>
	<creationDate>August 2011</creationDate>
	<authorEmail>simon@onestuckpixel.com</authorEmail>
	<authorUrl>http://www.onestuckpixel.com</authorUrl>
	<copyright>Copyright (C) 2011 Simon Dowdles. All Rights Reserved.</copyright>
	<license>GNU General Public License version 2 or later.</license>
	<version>2.1.5</version>
	<description>Easily concatenate many fields and use them as a value. Ideal for constructing unique titles. Enjoy ;)</description>
	
	<scriptfile>install/script.php</scriptfile>
	
	<files>
		<folder>assets</folder>
		<folder>install</folder>
		<folder>languages</folder>
		<folder>tmpl</folder>
		
		<filename plugin="sd_field_concat">sd_field_concat.php</filename>
		<filename>index.html</filename>
		<filename>increments.ini</filename>
		<filename>index.html</filename>
	</files>
	
	<languages folder="languages">
		<language tag="en-GB">en-GB/en-GB.plg_cck_field_sd_field_concat.ini</language>
	</languages>
	
	<config>
		<fields name="params" addfieldpath="/libraries/cck/construction/field">

			<fieldset name="basic">
				<field name=""
					type="spacer"
					hr="false"
				/>
			</fieldset>

			<fieldset name="advanced">
				<field
					name="group"
					type="text"
					default="PLG_CCK_FIELD_GROUP_SD_FIELD_CONCAT"
					label="LIB_CCK_GROUP_LABEL"
					size="60"
					description="LIB_CCK_FIELD_GROUP_DESC" />
				<field
					name="export"
					type="cckexport"
					default=""
					label="LIB_CCK_EXPORT_LABEL"
					description="LIB_CCK_FIELD_EXPORT_DESC" />
			</fieldset>

		</fields>
	</config>
	
</extension>
